{
  "main_formula": "beta33 = (Kc33 - Km) / (Km + L33*(Kc33 - Km))",
  "variables": {
    "L33": 0.8817434046570569,
    "Km": 0.208,
    "Kc33": 9.559747228975722
  }
}