{
  "main_formula": "beta11 = (Kc11 - Km) / (Km + L11*(Kc11 - Km))",
  "variables": {
    "L11": 0.05912829767147152,
    "Km": 0.208,
    "Kc11": 1.3111360416372573
  }
}